Strain,Buffer,Experiment,carbon_source,growth_rate,estimated_phiRb,estimated_nu_inv_hr
ECOR01,LB,Growth rate expt_II,LB,2.46334965,0.258833925202707,12.841163808167979
ECOR01,LB,Growth rate expt_I,LB,2.48704144,0.26086646178763306,13.104001488242051
ECOR01,MOPS,Growth rate expt_I,Glu+CAA+ACGU,2.024798,0.2212102474221462,8.819159286966366
ECOR01,MOPS,soft_agar expt_I,Glycerol,0.7942,0.11563631415931958,2.3666178282673753
ECOR01,MOPS,soft_agar expt_I,Glu+CAA,1.4788,0.17436866600105108,5.3462341420743975
ECOR01,MOPS,soft_agar expt_I,Gly+CAA,1.2843,0.15768236387832718,4.377942659334478
ECOR01,MOPS,swimming expt_I,Gly+CAA,1.3,0.1590292787540432,4.451982536844667
ECOR01,N-C-,Growth rate expt_I,Glucose,0.93957455,0.1281081067673146,2.9084094511024814
ECOR01,N-C-,Growth rate expt_II,Glucose,0.96052537,0.1299054934626298,2.9899708981391875
ECOR01,N-C-,Growth rate expt_I,Glycerol,0.72692074,0.1098643755528759,2.129324998247637
ECOR01,N-C-,Growth rate expt_I,Acetate,0.10841979,0.05680271120895948,0.2739388637147406
ECOR01,N-C-,Growth rate expt_II,Acetate,0.10358715,0.05638811536787793,0.26137572489800026
ECOR01,N-C-,Growth rate expt_I,Maltose,0.835241,0.11915725259334894,2.5154342743381206
ECOR01,N-C-,Growth rate expt_I,Fructose,0.804411,0.11651232357307348,2.403349723236199
ECOR01,N-C-,Growth rate expt_I,Succinate,0.778669,0.11430389792143769,2.311115886250628
ECOR01,N-C-,Yield expt (in glucose),Glucose,0.94115,0.12824326581450868,2.914510987176396
ECOR01,N-C-,Yield expt (in acetate),Acetate,,,
ECOR01,N-C-,Diauxie expt,Glucose,0.943892,0.12847850406859868,2.9251426700790946
ECOR01,N-C-,Preferred sugar expt_I,Mixed carbon,0.94327186,0.12842530178891545,2.922736811615001
ECOR01,MOPS,Preferred sugar expt,Mixed carbon,1.003913318,0.13362777834084588,3.161826793994866
ECOR02,LB,Growth rate expt_I,LB,2.64544483,0.2744560084344385,15.017724387923767
ECOR02,LB,Growth rate expt_II,LB,2.48503886,0.2606946589346515,13.081566410540946
ECOR02,MOPS,Growth rate expt_I,Glu+CAA+ACGU,1.88204,0.20896293061784893,7.78079582811671
ECOR02,MOPS,soft_agar expt_I,Glycerol,0.7129,0.1086615256627774,2.080884451480373
ECOR02,MOPS,soft_agar expt_I,Glu+CAA,1.3432,0.16273543943117263,4.659293689954108
ECOR02,MOPS,soft_agar expt_I,Gly+CAA,1.188,0.1494207140355595,3.938317281440796
ECOR02,MOPS,swimming expt_I,Gly+CAA,1.23,0.1530239258049909,4.127046617628522
ECOR02,N-C-,Growth rate expt_I,Glucose,0.96568835,0.13034842942218547,3.010211220414563
ECOR02,N-C-,Growth rate expt_II,Glucose,0.96916,0.13064626490169373,3.0238526253246585
ECOR02,N-C-,Growth rate expt_I,Glycerol,0.74027221,0.11100980826342853,2.1757727817362573
ECOR02,N-C-,Growth rate expt_I,Acetate,0.4158702,0.08317911444297146,1.1293101872355924
ECOR02,N-C-,Growth rate expt_II,Acetate,0.4265755,0.08409753022762131,1.1613045151782828
ECOR02,N-C-,Growth rate expt_I,Maltose,0.847933,0.12024610887376853,2.5620993367873344
ECOR02,N-C-,Growth rate expt_I,Fructose,0.72353,0.1095734814034692,2.117578881044606
ECOR02,N-C-,Growth rate expt_I,Succinate,0.739792,0.11096861068429047,2.1740967617815348
ECOR02,N-C-,Yield expt (in glucose),Glucose,0.96568835,0.13034842942218547,3.010211220414563
ECOR02,MOPS,Yield expt (in glycerol),Glycerol,0.5,0.0903966736220169,1.3851459568749125
ECOR02,MOPS,Yield expt (in galactose),Galactose,0.571,0.09648781732748424,1.609179412317634
ECOR02,MOPS,Yield expt (in glu+CAA),Glu+CAA,1.32,0.16074509388234387,4.5472995151505495
ECOR02,MOPS,Yield expt (in RDM),Glu+CAA+ACGU,1.88204,0.20896293061784893,7.78079582811671
ECOR02,LB,R/P expt,LB,2.6454,0.2744521624348284,15.01714086708927
ECOR02,LB,R/P expt,LB,2.79,0.2868575058124422,17.042372858207578
ECOR02,MOPS,R/P expt,Glu+CAA+ACGU,1.882,0.20895949898759233,7.780519671450122
ECOR02,N-C-,R/P expt,Glu+CAA,1.3306,0.1616544759003432,4.598277441840417
ECOR02,N-C-,R/P expt,Glucose,1.0029,0.13354084502313693,3.1577670235540394
ECOR02,N-C-,R/P expt,Glycerol,0.738,0.11081487364879472,2.1678459510773926
ECOR02,N-C-,R/P expt,Glycerol,0.7447,0.11138967171677545,2.1912457864768986
ECOR02,N-C-,R/P expt,Acetate,0.426,0.08404815764730447,1.1595804690858245
ECOR02,N-C-,R/P expt,Acetate,0.3721,0.0794240358765342,1.000145045742721
ECOR02,N-C-,Yield expt (in acetate),Acetate,,,
ECOR02,N-C-,Diauxie expt,Glucose,0.93212,0.1274685752840809,2.879608180833279
ECOR02,N-C-,Preferred sugar expt_I,Mixed carbon,0.91064913,0.1256265731058921,2.797288294637934
ECOR02,MOPS,Preferred sugar expt,Mixed carbon,0.894398417,0.12423241214533846,2.735601544159518
ECOR02,N-C-,cAMP_I,Glucose,0.96616765,0.1303895489317352,3.0120930558178305
ECOR02,N-C-,cAMP_I,Fructose,0.71936308,0.10921599818474828,2.1031714015716503
ECOR02,N-C-,cAMP_I,Acetate,0.403703,0.08213528115151847,1.0931405845147992
ECOR02,N-C-,cAMP_II,Glucose,0.9772981,0.13134443865647488,3.055930196718722
ECOR02,N-C-,cAMP_II,Fructose,0.73229644,0.1103255609221362,2.147988592529981
ECOR02,N-C-,cAMP_II,Acetate,0.39658606,0.08152471348555808,1.0720788718379026
ECOR09,LB,Growth rate expt_I,LB,2.26941226,0.24219588981744974,10.88292459449477
ECOR09,LB,Growth rate expt_II,LB,2.41341483,0.25454997922345846,12.30508816435425
ECOR09,MOPS,Growth rate expt_I,Glu+CAA+ACGU,2.019282,0.22073702560976088,8.776977684844416
ECOR09,MOPS,soft_agar expt_I,Glycerol,0.7871,0.11502719978877284,2.3411903206854956
ECOR09,MOPS,soft_agar expt_I,Glu+CAA,1.2989,0.15893490892198667,4.4467727062842535
ECOR09,MOPS,soft_agar expt_I,Gly+CAA,1.091,0.14109901066330133,3.5192687553469435
ECOR09,MOPS,swimming expt_I,Gly+CAA,1.21,0.15130811067669026,4.036607629577302
ECOR09,N-C-,Growth rate expt_I,Glucose,0.86588119,0.12178589767014926,2.628618477389788
ECOR09,N-C-,Growth rate expt_II,Glucose,0.91524295,0.1260206803985266,2.814822412540588
ECOR09,N-C-,Growth rate expt_III,Glucose,0.88933336,0.1237978770740232,2.7164826658180026
ECOR09,N-C-,Growth rate expt_I,Glycerol,0.721372,0.10938834495112557,2.1101136378795315
ECOR09,N-C-,Growth rate expt_II,Glycerol,0.70041743,0.1075906365404738,2.038044505954716
ECOR09,N-C-,Growth rate expt_III,Glycerol,0.73753908,0.11077533097334791,2.1662390971430545
ECOR09,N-C-,Growth rate expt_I,Acetate,0.40818535,0.0825198253485354,1.106441441187082
ECOR09,N-C-,Growth rate expt_II,Acetate,0.43089973,0.0844685091902339,1.1742736538730607
ECOR09,N-C-,Growth rate expt_III,Acetate,0.41782336,0.08334667751677105,1.135135541301643
ECOR09,N-C-,Growth rate expt_I,Maltose,0.774267,0.11392624701169872,2.2954648363280326
ECOR09,N-C-,Growth rate expt_I,Fructose,0.73452,0.1105163218164704,2.155723270797381
ECOR09,N-C-,Growth rate expt_I,Succinate,0.8000084,0.11613462118888064,2.387488672332815
ECOR09,N-C-,Yield expt (in glucose),Glucose,0.937897,0.12796418848389055,2.9019181235720564
ECOR09,N-C-,Yield expt (in acetate),Acetate,,,
ECOR09,N-C-,Diauxie expt,Glucose,0.830741,0.11877119418948129,2.498962656853263
ECOR09,N-C-,Preferred sugar expt_I,Mixed carbon,1.00703035,0.13389519087389576,3.1743289100667025
ECOR09,N-C-,Preferred sugar expt_II,Mixed carbon,1.00851795,0.13402281320313877,3.1803029900795576
ECOR09,MOPS,Preferred sugar expt,Mixed carbon,1.062301939,0.13863698230246657,3.3995843732978717
ECOR13,LB,Growth rate expt_I,LB,2.54122642,0.2655150322081665,13.726901725545542
ECOR13,LB,Growth rate expt_II,LB,2.42362741,0.2554261241866075,12.41280519112515
ECOR13,MOPS,Growth rate expt_I,Glu+CAA+ACGU,2.0306,0.22170800539086624,8.863716680127556
ECOR13,MOPS,soft_agar expt_I,Glycerol,0.8116,0.11712907332094115,2.4293265826691903
ECOR13,MOPS,soft_agar expt_I,Glu+CAA,1.4836,0.17478046163184324,5.371614823770366
ECOR13,MOPS,soft_agar expt_I,Gly+CAA,1.254,0.1550829039589517,4.2369624725461925
ECOR13,MOPS,swimming expt_I,Gly+CAA,1.26,0.1555976484974419,4.2646816594478345
ECOR13,N-C-,Growth rate expt_I,Glucose,0.89035256,0.1238853150129614,2.7203257068930276
ECOR13,N-C-,Growth rate expt_II,Glucose,0.86938319,0.1220863368991147,2.641670337106221
ECOR13,N-C-,Growth rate expt_III,Glucose,0.91093255,0.1256508879220752,2.7983688450653537
ECOR13,N-C-,Growth rate expt_I,Glycerol,0.75465424,0.11224365349591223,2.226158147584782
ECOR13,N-C-,Growth rate expt_II,Glycerol,0.76029282,0.1127273915392189,2.246012687951239
ECOR13,N-C-,Growth rate expt_III,Glycerol,0.75299963,0.11210170325244034,2.220342730409661
ECOR13,N-C-,Growth rate expt_I,Acetate,0.39706254,0.08156559106517472,1.0734867776149395
ECOR13,N-C-,Growth rate expt_II,Acetate,0.34758442,0.07732082572438094,0.9289359950109456
ECOR13,N-C-,Growth rate expt_III,Acetate,0.38231104,0.08030004872191834,1.0300432182120032
ECOR13,N-C-,Growth rate expt_I,Maltose,0.812406,0.11719822067061166,2.4322449993023607
ECOR13,N-C-,Growth rate expt_I,Fructose,0.761744,0.11285188936911326,2.251131793640584
ECOR13,N-C-,Growth rate expt_I,Succinate,0.362968,0.07864059468895211,0.9735256802523733
ECOR13,N-C-,Yield expt (in glucose),Glucose,0.990095,0.13244229438724242,3.1066564160963575
ECOR13,N-C-,Yield expt (in acetate),Acetate,,,
ECOR13,N-C-,Diauxie expt,Glucose,0.853679,0.12073906256012931,2.583327318119815
ECOR13,N-C-,Preferred sugar expt_I,Mixed carbon,0.96742736,0.13049762040549878,3.017041258963601
ECOR13,N-C-,Preferred sugar expt_II,Mixed carbon,0.95887795,0.12976416005469654,2.9835243348506966
ECOR13,MOPS,Preferred sugar expt,Mixed carbon,1.026688383,0.13558166839459745,3.2536653539801215
ECOR15,LB,Growth rate expt_I,LB,2.61744297,0.27205370768401066,14.658156373736876
ECOR15,LB,Growth rate expt_II,LB,2.47831565,0.2601178696632143,13.006542649351386
ECOR15,MOPS,Growth rate expt_I,Glu+CAA+ACGU,2.002532,0.21930003043980908,8.64994874812895
ECOR15,MOPS,soft_agar expt_I,Glycerol,,,
ECOR15,MOPS,soft_agar expt_I,Glu+CAA,1.5,0.17618743003704979,5.458908157428497
ECOR15,MOPS,soft_agar expt_I,Gly+CAA,1.326,0.16125983842083408,4.5761155074315845
ECOR15,MOPS,swimming expt_I,Gly+CAA,1.42,0.16932416952384716,5.041364852083212
ECOR15,N-C-,Growth rate expt_I,Glucose,0.9746125,0.13111403900104668,3.045328964092188
ECOR15,N-C-,Growth rate expt_II,Glucose,0.909214,0.12550345221763815,2.7918192882569177
ECOR15,N-C-,Growth rate expt_III,Glucose,0.95827237,0.12971220688842672,2.981156053562636
ECOR15,N-C-,Growth rate expt_I,Glycerol,0.69582669,0.10719679348336905,2.0223564845014645
ECOR15,N-C-,Growth rate expt_II,Glycerol,0.7132524,0.10869175832533806,2.082097783064239
ECOR15,N-C-,Growth rate expt_III,Glycerol,0.70315079,0.1078251335624284,2.0474024186659676
ECOR15,N-C-,Growth rate expt_I,Acetate,0.18239815,0.06314937067170309,0.469253665374554
ECOR15,N-C-,Growth rate expt_II,Acetate,0.18777049,0.06361026778402183,0.4836772819187454
ECOR15,N-C-,Growth rate expt_III,Acetate,0.19876076,0.06455313136052727,0.5132896868067858
ECOR15,N-C-,Growth rate expt_I,Maltose,0.808098,0.1168286340919757,2.416660381111191
ECOR15,N-C-,Growth rate expt_I,Fructose,0.69796,0.10737981176193681,2.029642199201983
ECOR15,N-C-,Growth rate expt_I,Succinate,0.56785,0.09621757644477688,1.5990764078866122
ECOR15,N-C-,Yield expt (in glucose),Glucose,0.975427,0.13118391557214676,3.048542531478379
ECOR15,MOPS,Yield expt (in glycerol),Glycerol,0.623,0.10094893666106594,1.7782193615702944
ECOR15,MOPS,Yield expt (in galactose),Galactose,0.53,0.09297039631446788,1.4788756636512077
ECOR15,MOPS,Yield expt (in glu+CAA),Glu+CAA,1.59,0.18390859811440274,5.954390372238189
ECOR15,MOPS,Yield expt (in RDM),Glu+CAA+ACGU,1.738453,0.19664449327648362,6.837668354226377
ECOR15,N-C-,Yield expt (in acetate),Acetate,,,
ECOR15,N-C-,Diauxie expt,Glucose,0.74594,0.1114960522547301,2.1955852162632015
ECOR15,N-C-,Preferred sugar expt_I,Mixed carbon,0.9699035,0.1307100503290883,3.0267774222339106
ECOR15,N-C-,Preferred sugar expt_II,Mixed carbon,0.98376008,0.1318988168086137,3.0815013740901116
ECOR15,MOPS,Preferred sugar expt,Mixed carbon,0.972625333,0.1309435584409937,3.037494606209809
ECOR24,LB,Growth rate expt_I,LB,2.18973185,0.23536004717208975,10.166358813965482
ECOR24,LB,Growth rate expt_II,LB,2.2060484,0.23675985633867347,10.30935288173484
ECOR24,MOPS,Growth rate expt_I,Glu+CAA+ACGU,1.722439,0.1952706401032533,6.738136977628359
ECOR24,MOPS,soft_agar expt_I,Glycerol,0.7832,0.11469261583875422,2.327262405002935
ECOR24,MOPS,soft_agar expt_I,Glu+CAA,1.314,0.16023034934385366,4.518585898757134
ECOR24,MOPS,soft_agar expt_I,Gly+CAA,1.1625,0.1472330497469762,3.8259232022288616
ECOR24,MOPS,swimming expt_I,Gly+CAA,1.18,0.14873438798423927,3.9028806764252444
ECOR24,N-C-,Carbon ,Glucose,0.6107721,0.09989989587069856,1.7380819648946584
ECOR24,N-C-,Growth rate expt_II,Glucose,0.72514442,0.10971198371644075,2.1231690103624103
ECOR24,N-C-,Growth rate expt_III,Glucose,0.72716289,0.10988514978454181,2.130164616869841
ECOR24,N-C-,Growth rate expt_I,Glycerol,0.614109,0.1001861710457799,1.7490112732151362
ECOR24,N-C-,Growth rate expt_II,Glycerol,0.63636089,0.10209517752054399,1.8223524200732502
ECOR24,N-C-,Growth rate expt_III,Glycerol,0.63094771,0.10163077671373327,1.8044368699265105
ECOR24,N-C-,Growth rate expt_I,Acetate,0.37466738,0.07964429334873901,1.0076491005296546
ECOR24,N-C-,Growth rate expt_II,Acetate,0.38261821,0.08032640106856637,1.030944812537764
ECOR24,N-C-,Growth rate expt_III,Acetate,0.38007207,0.08010796579202778,1.0234753509894325
ECOR24,N-C-,Growth rate expt_I,Maltose,0.656641,0.10383502349762407,1.8898991310672835
ECOR24,N-C-,Growth rate expt_I,Fructose,0.635176,0.10199352491117539,1.8184268015326448
ECOR24,N-C-,Growth rate expt_I,Succinate,0.557805,0.09535580829658788,1.5669618604132676
ECOR24,N-C-,Yield expt (in glucose),Glucose,0.655187,0.1037102837377966,1.8850337276287648
ECOR24,N-C-,Yield expt (in acetate),Acetate,,,
ECOR24,N-C-,Diauxie expt,Glucose,0.76459,0.11309604986187045,2.2611821771863476
ECOR24,N-C-,Preferred sugar expt_I,Mixed carbon,0.731661,0.11027104604387983,2.1457798030876782
ECOR24,MOPS,Preferred sugar expt,Mixed carbon,0.9075,0.1253564068611428,2.7852929969755826
ECOR26,LB,Growth rate expt_I,LB,2.49866362,0.26186353740102475,13.235014729860495
ECOR26,LB,Growth rate expt_II,LB,2.49122757,0.2612255930467847,13.15103096713951
ECOR26,MOPS,Growth rate expt_I,Glu+CAA+ACGU,1.907846,0.21117684687789529,7.960612442692755
ECOR26,MOPS,soft_agar expt_I,Glycerol,0.7786,0.11429797835924506,2.3108702892093316
ECOR26,MOPS,soft_agar expt_I,Glu+CAA,1.5135,0.17734560524865273,5.531441506843843
ECOR26,MOPS,soft_agar expt_I,Gly+CAA,1.24,0.15388183336914124,4.172659132928082
ECOR26,MOPS,swimming expt_I,Gly+CAA,1.25,0.15473974093329157,4.218536707769692
ECOR26,N-C-,Growth rate expt_I,Glucose,0.9477722,0.12881138936164027,2.94021415885735
ECOR26,N-C-,Growth rate expt_II,Glucose,0.94843566,0.1288683080968914,2.942794300889355
ECOR26,N-C-,Growth rate expt_III,Glucose,0.9043121,0.1250829145087673,2.773170338153662
ECOR26,N-C-,Growth rate expt_I,Glycerol,0.79015507,0.1152892965549737,2.3521202196212396
ECOR26,N-C-,Growth rate expt_II,Glycerol,0.76757235,0.11335190792426482,2.271729709595752
ECOR26,N-C-,Growth rate expt_III,Glycerol,0.78297964,0.1146737109876706,2.3264762715788
ECOR26,N-C-,Growth rate expt_I,Acetate,0.38922799,0.08089345909450332,1.0503767605127665
ECOR26,N-C-,Growth rate expt_II,Acetate,0.36336969,0.07867505597789648,0.9746942293880068
ECOR26,N-C-,Growth rate expt_III,Acetate,0.38153205,0.08023321858057861,1.0277573304211567
ECOR26,N-C-,Growth rate expt_I,Maltose,0.822881,0.11809687884405913,2.4702841425254713
ECOR26,N-C-,Growth rate expt_I,Fructose,0.72264,0.10949712763025982,2.114499090116641
ECOR26,N-C-,Growth rate expt_I,Succinate,0.650772,0.10333151754822424,1.8702816218450768
ECOR26,N-C-,Yield expt (in glucose),Glucose,0.931478,0.12741349761846246,2.877133101500031
ECOR26,N-C-,Yield expt (in acetate),Acetate,,,
ECOR26,N-C-,Diauxie expt,Glucose,0.887012,0.12359872584371161,2.7077373270648106
ECOR26,N-C-,Preferred sugar expt,Mixed carbon,0.979563,0.1315387461406793,3.0648826661615542
ECOR26,MOPS,Preferred sugar expt,Mixed carbon,1.022885454,0.1352554122390948,3.2382510590187765
ECOR28,LB,Growth rate expt_I,LB,2.44411738,0.2571839742118288,12.631875135348228
ECOR28,LB,Growth rate expt_II,LB,2.43382113,0.2563006511360906,12.521295049748915
ECOR28,MOPS,Growth rate expt_I,Glu+CAA+ACGU,1.753771,0.1979586360832491,6.933889255048806
ECOR28,MOPS,soft_agar expt_I,Glycerol,,,
ECOR28,MOPS,soft_agar expt_I,Glu+CAA,1.4828,0.1747118290267112,5.367379437103465
ECOR28,MOPS,soft_agar expt_I,Gly+CAA,1.227,0.1527665535357458,4.1134142065131805
ECOR28,MOPS,swimming expt_I,Gly+CAA,1.35,0.16331881657479486,4.69241426488138
ECOR28,N-C-,Growth rate expt_I,Glucose,0.87348798,0.12243848993813958,2.656999256010566
ECOR28,N-C-,Growth rate expt_II,Glucose,0.87323647,0.12241691270499364,2.656059069840334
ECOR28,N-C-,Growth rate expt_III,Glucose,0.85255967,0.12064303439275127,2.5791870900478835
ECOR28,N-C-,Growth rate expt_I,Glycerol,0.7877315,0.11508137665144894,2.3434481892593055
ECOR28,N-C-,Growth rate expt_II,Glycerol,0.80782273,0.11680501847045734,2.4156657396055032
ECOR28,N-C-,Growth rate expt_III,Glycerol,0.77198273,0.11373027776054255,2.287357102791854
ECOR28,N-C-,Growth rate expt_I,Acetate,0.10617651,0.056610258520908764,0.2681047008902136
ECOR28,N-C-,Growth rate expt_II,Acetate,0.12349045,0.05809563453003326,0.31325420993381453
ECOR28,N-C-,Growth rate expt_III,Acetate,0.13273498,0.05888872975143472,0.33748318987181664
ECOR28,N-C-,Growth rate expt_I,Maltose,0.740466,0.11102643365411419,2.1764492593321516
ECOR28,N-C-,Growth rate expt_I,Fructose,0.739997,0.11098619778935555,2.1748121991197817
ECOR28,N-C-,Growth rate expt_I,Succinate,0.750438,0.11188193907708491,2.2113490630543557
ECOR28,N-C-,Yield expt (in glucose),Glucose,0.910012,0.12557191324125738,2.7948598015414596
ECOR28,N-C-,Yield expt (in acetate),Acetate,,,
ECOR28,N-C-,Diauxie expt,Glucose,0.827036,0.1184533394369636,2.4854298163080033
ECOR28,N-C-,Preferred sugar expt_I,Mixed carbon,0.89068766,0.12391406349543609,2.7215897001173905
ECOR28,N-C-,Preferred sugar expt_II,Mixed carbon,0.87929647,0.12293680468886872,2.678746869619964
ECOR28,MOPS,Preferred sugar expt,Mixed carbon,0.908925138,0.1254786705281586,2.790718992008362
ECOR35,LB,Growth rate expt_I,LB,2.64586402,0.27449197106162015,15.023181929302229
ECOR35,LB,Growth rate expt_II,LB,2.64586402,0.27449197106162015,15.023181929302229
ECOR35,MOPS,Growth rate expt_I,Glu+CAA+ACGU,1.98,0.21736699311626556,8.481545604401784
ECOR35,MOPS,soft_agar expt_I,Glycerol,0.6745,0.10536716061644014,1.9499465344871671
ECOR35,MOPS,soft_agar expt_I,Glu+CAA,1.4121,0.16864642254816836,5.001237577848925
ECOR35,MOPS,soft_agar expt_I,Gly+CAA,1.263,0.15585502076668697,4.278577633203931
ECOR35,MOPS,swimming expt_I,Gly+CAA,1.32,0.16074509388234387,4.5472995151505495
ECOR35,N-C-,Growth rate expt_I,Glucose,0.93700504,0.12788766656079859,2.898469020877911
ECOR35,N-C-,Growth rate expt_II,Glucose,0.88842153,0.12371965048860128,2.713046224473608
ECOR35,N-C-,Growth rate expt_III,Glucose,0.88842153,0.12371965048860128,2.713046224473608
ECOR35,N-C-,Growth rate expt_I,Glycerol,0.67463606,0.10537883330675796,1.9504060587807317
ECOR35,N-C-,Growth rate expt_II,Glycerol,0.64184503,0.10256566603942993,1.8405516524792238
ECOR35,N-C-,Growth rate expt_III,Glycerol,0.66834134,0.10483880451653713,1.9291790300340201
ECOR35,N-C-,Growth rate expt_I,Acetate,0.18965701,0.06377211376181391,0.4887502292320928
ECOR35,N-C-,Growth rate expt_II,Acetate,0.15184263,0.060527989498248426,0.38785304956046535
ECOR35,N-C-,Growth rate expt_III,Acetate,0.1734311,0.06238008066939167,0.4452539902778518
ECOR35,N-C-,Growth rate expt_I,Maltose,0.745015,0.11141669580504618,2.192347883280227
ECOR35,N-C-,Growth rate expt_I,Fructose,0.746106,0.11151029352029498,2.1961663469230364
ECOR35,N-C-,Growth rate expt_I,Succinate,0.122224,0.05798698482657144,0.3099418399126359
ECOR35,N-C-,Yield expt (in glucose),Glucose,0.955123,0.12944202005389593,2.9688519832290505
ECOR35,N-C-,Yield expt (in acetate),Acetate,,,
ECOR35,N-C-,Diauxie expt,Glucose,0.931557,0.12742027508821924,2.877437621735889
ECOR35,N-C-,Preferred sugar expt_I,Mixed carbon,0.92456474,0.12682040381376866,2.850534112908959
ECOR35,N-C-,Preferred sugar expt_II,Mixed carbon,1.00085501,0.13336540378417577,3.149580737826157
ECOR35,MOPS,Preferred sugar expt,Mixed carbon,1.080432827,0.14019244489846283,3.4749774258558745
ECOR36,LB,Growth rate expt_I,LB,2.48617191,0.2607918641512075,13.094255063489863
ECOR36,LB,Growth rate expt_II,LB,2.40431851,0.25376959905006524,12.209954799627672
ECOR36,MOPS,Growth rate expt_I,Glu+CAA+ACGU,1.755416,0.19809976187755182,6.9442821136126085
ECOR36,MOPS,soft_agar expt_I,Glycerol,0.7299,0.11011996852183296,2.13966226943489
ECOR36,MOPS,soft_agar expt_I,Glu+CAA,1.2571,0.1553488553038383,4.251271959960697
ECOR36,MOPS,soft_agar expt_I,Gly+CAA,1.244,0.15422499639480136,4.190978226553358
ECOR36,MOPS,swimming expt_I,Gly+CAA,1.23,0.1530239258049909,4.127046617628522
ECOR36,N-C-,Growth rate expt_I,Glucose,0.76949664,0.1135169942189267,2.2785437657007988
ECOR36,N-C-,Growth rate expt_II,Glucose,0.7758345,0.11406072402237928,2.301033955733347
ECOR36,N-C-,Growth rate expt_III,Glucose,0.77575152,0.11405360510541197,2.300739027052503
ECOR36,N-C-,Growth rate expt_I,Glycerol,0.60948402,0.09978939051317548,1.7338679109562223
ECOR36,N-C-,Growth rate expt_II,Glycerol,0.61711491,0.1004440503383954,1.7588718172368059
ECOR36,N-C-,Growth rate expt_III,Glycerol,0.62932224,0.10149132641290332,1.799066507184857
ECOR36,N-C-,Growth rate expt_I,Acetate,0.15259852,0.06059283787311498,0.3898539426043555
ECOR36,N-C-,Growth rate expt_II,Acetate,0.1686595,0.061970721496081696,0.43252109361152236
ECOR36,N-C-,Growth rate expt_III,Acetate,0.17342345,0.062379424370105095,0.4452335554189506
ECOR36,N-C-,Growth rate expt_I,Maltose,0.604647,0.09937441890858084,1.7180669353866753
ECOR36,N-C-,Growth rate expt_I,Fructose,0.614734,0.10023979026853928,1.7510603171218253
ECOR36,N-C-,Growth rate expt_I,Succinate,0.421027,0.0836215202156525,1.1447020160473793
ECOR36,N-C-,Yield expt (in glucose),Glucose,0.799473,0.11608868881789604,2.385562257585236
ECOR36,MOPS,Yield expt (in glycerol),Glycerol,0.675754,0.10547474222498458,1.954182929149331
ECOR36,MOPS,Yield expt (in galactose),Galactose,0.334,0.07615540805712144,0.8898225963428538
ECOR36,MOPS,Yield expt (in glu+CAA),Glu+CAA,1.25,0.15473974093329157,4.218536707769692
ECOR36,MOPS,Yield expt (in RDM),Glu+CAA+ACGU,1.549247,0.18041236741822092,5.72651440618629
ECOR36,N-C-,Yield expt (in acetate),Acetate,,,
ECOR36,N-C-,Diauxie expt,Glucose,0.733769,0.11045189295840273,2.153109937059604
ECOR36,N-C-,Preferred sugar expt_I,Mixed carbon,0.82302503,0.1181092352867056,2.4708086117991606
ECOR36,N-C-,Preferred sugar expt_II,Mixed carbon,0.81873061,0.11774081374654174,2.4551877145625207
ECOR36,MOPS,Preferred sugar expt,Mixed carbon,0.786125552,0.11494360115776572,2.3377077064811864
ECOR36,N-C-,cAMP_I,Glucose,0.76107208,0.11279424484406288,2.248761094370737
ECOR36,N-C-,cAMP_I,Fructose,0.65557669,0.10374371553766398,1.886337372169774
ECOR36,N-C-,cAMP_I,Acetate,0.2945234,0.07276868068242776,0.7775273628133441
ECOR36,N-C-,cAMP_II,Glucose,0.82421175,0.11821104489315844,2.475131407919633
ECOR36,N-C-,cAMP_II,Fructose,0.65260396,0.10348868278234633,1.876398946207422
ECOR36,N-C-,cAMP_II,Acetate,0.25282739,0.06919154844503898,0.6610818539802483
ECOR38,LB,Growth rate expt_I,LB,2.37775322,0.25149054272658056,11.936405118467118
ECOR38,LB,Growth rate expt_II,LB,2.44551523,0.25730389682068355,12.6469659832025
ECOR38,MOPS,Growth rate expt_I,Glu+CAA+ACGU,1.74585,0.1972790875016856,6.884008096728268
ECOR38,MOPS,soft_agar expt_I,Glycerol,0.827,0.11845025096973265,2.4852984503991697
ECOR38,MOPS,soft_agar expt_I,Glu+CAA,1.325,0.161174047664419,4.571305709385009
ECOR38,MOPS,soft_agar expt_I,Gly+CAA,1.169,0.1477906896636739,3.8544181495974437
ECOR38,MOPS,swimming expt_I,Gly+CAA,1.27,0.15645555606159223,4.311096332343876
ECOR38,N-C-,Growth rate expt_I,Glucose,0.84101563,0.11965266246906588,2.536627892959251
ECOR38,N-C-,Growth rate expt_II,Glucose,0.85424228,0.12078738677740278,2.585411716990654
ECOR38,N-C-,Growth rate expt_I,Glycerol,0.76707792,0.11330949040057053,2.2699799745994094
ECOR38,N-C-,Growth rate expt_I,Acetate,0.31446138,0.07447917506801555,0.833990355295023
ECOR38,N-C-,Growth rate expt_II,Acetate,0.31139342,0.07421597245896448,0.8252687175549874
ECOR38,N-C-,Growth rate expt_I,Maltose,0.793302,0.11555927406005886,2.363396669614538
ECOR38,N-C-,Growth rate expt_I,Fructose,0.714158,0.1087694504343475,2.0852167971746804
ECOR38,N-C-,Growth rate expt_I,Succinate,0.709261,0.1083493331001831,2.068367740956301
ECOR38,N-C-,Yield expt (in glucose),Glucose,0.841016,0.11965269421164575,2.536629252942274
ECOR38,N-C-,Yield expt (in acetate),Acetate,,,
ECOR38,N-C-,Diauxie expt,Glucose,0.751807,0.11199938662261709,2.2161540520099448
ECOR38,N-C-,Preferred sugar expt,Mixed carbon,0.86004154,0.12128490967945021,2.6069073187035756
ECOR38,MOPS,Preferred sugar expt,Mixed carbon,0.875518431,0.12261268386529324,2.664593957757096
ECOR39,LB,Growth rate expt_I,LB,2.525073,0.26412921808767675,13.537945380123071
ECOR39,LB,Growth rate expt_II,LB,2.32620385,0.24706808328156216,11.423117297177482
ECOR39,MOPS,Growth rate expt_I,Glu+CAA+ACGU,1.736918,0.19651280446538655,6.828081159766271
ECOR39,MOPS,soft_agar expt_I,Glycerol,0.0355,0.050546867267234126,0.08952315191463782
ECOR39,MOPS,soft_agar expt_I,Glu+CAA,1.3111,0.15998155615025006,4.504744187987104
ECOR39,MOPS,soft_agar expt_I,Gly+CAA,1.215,0.15173706445876542,4.0591198278430936
ECOR39,MOPS,swimming expt_I,Gly+CAA,1.19,0.1495922955483896,3.947201732335464
ECOR39,N-C-,Growth rate expt_I,Glucose,0.90373105,0.12503306578975237,2.7709629719889
ECOR39,N-C-,Growth rate expt_II,Glucose,0.88803162,0.1236861998147675,2.711577261728343
ECOR39,N-C-,Growth rate expt_I,Glycerol,0.70069451,0.10761440744326128,2.038992531390254
ECOR39,N-C-,Growth rate expt_I,Acetate,0.31308517,0.07436110897112963,0.8300765386828328
ECOR39,N-C-,Growth rate expt_II,Acetate,0.31313735,0.07436558553279936,0.8302248890979738
ECOR39,N-C-,Growth rate expt_I,Maltose,0.815911,0.11749891727184636,2.444950244218435
ECOR39,N-C-,Growth rate expt_I,Fructose,0.688345,0.10655493363900627,1.9968662581395968
ECOR39,N-C-,Growth rate expt_I,Succinate,0.69369,0.10701348523204463,2.015067019287742
ECOR39,N-C-,Yield expt (in glucose),Glucose,0.903731,0.12503306150021454,2.7709627820717198
ECOR39,LB,R/P expt,LB,2.5251,0.2641315344381,13.538258864594518
ECOR39,MOPS,R/P expt,Glu+CAA+ACGU,1.7369,0.19651126023177107,6.827968795728154
ECOR39,N-C-,R/P expt,Glu+CAA,1.2131,0.15157406202157686,4.0505575688946305
ECOR39,N-C-,R/P expt,Glucose,0.8767,0.12271405156355979,2.669017220975724
ECOR39,N-C-,R/P expt,Glucose,0.86555,0.12175748462953218,2.627385377739924
ECOR39,N-C-,R/P expt,Glycerol,0.8099,0.11698322903503558,2.4231750869726967
ECOR39,N-C-,R/P expt,Glycerol,0.78965,0.11524596621763117,2.350312087100253
ECOR39,N-C-,R/P expt,Acetate,0.313,0.07435380217240575,0.8298344035859107
ECOR39,N-C-,R/P expt,Acetate,0.3328,0.07605245914942341,0.8863791565936164
ECOR39,N-C-,Yield expt (in acetate),Acetate,,,
ECOR39,N-C-,Diauxie expt,Glucose,0.865522,0.12175508248835255,2.627281136823708
ECOR39,N-C-,Preferred sugar expt,Mixed carbon,0.9492869,0.12894133662038215,2.946106043905512
ECOR39,MOPS,Preferred sugar expt,Mixed carbon,0.91267027,0.12579996823531275,2.8049975173896944
ECOR41,LB,Growth rate expt_I,LB,2.56186568,0.267285689935413,13.972502468817062
ECOR41,LB,Growth rate expt_II,LB,2.34678614,0.2488338535094157,11.625352894165548
ECOR41,MOPS,Growth rate expt_I,Glu+CAA+ACGU,1.788339,0.20092425095100394,7.154761163966156
ECOR41,MOPS,soft_agar expt_I,Glycerol,0.8221,0.118029876263299,2.4674408974396367
ECOR41,MOPS,soft_agar expt_I,Glu+CAA,1.2469,0.15447378958840496,4.20428617236813
ECOR41,MOPS,soft_agar expt_I,Gly+CAA,1.197,0.15019283084329482,3.9783773920339245
ECOR41,MOPS,swimming expt_I,Gly+CAA,1.2,0.15045020311253993,3.9917766541923605
ECOR41,N-C-,Growth rate expt_I,Glucose,0.92291717,0.12667905753722195,2.8442094336686887
ECOR41,N-C-,Growth rate expt_II,Glucose,0.88506279,0.12343150164339986,2.700402239743027
ECOR41,N-C-,Growth rate expt_III,Glucose,0.89914219,0.12463938401926968,2.7535539939123725
ECOR41,N-C-,Growth rate expt_I,Glycerol,0.76580312,0.11320012434429265,2.265470626415755
ECOR41,N-C-,Growth rate expt_II,Glycerol,0.77096521,0.11364298395007513,2.2837485827681188
ECOR41,N-C-,Growth rate expt_III,Glycerol,0.78791709,0.11509729855793199,2.3441118876459797
ECOR41,N-C-,Growth rate expt_I,Acetate,0.06392205,0.052985216435600016,0.1580820844189936
ECOR41,N-C-,Growth rate expt_II,Acetate,0.04906944,0.05171099978896253,0.1303132629473246
ECOR41,N-C-,Growth rate expt_III,Acetate,0.0630215,0.05290795756991046,0.1556339015399401
ECOR41,N-C-,Growth rate expt_I,Maltose,0.768136,0.11340026388411815,2.2737249446650263
ECOR41,N-C-,Growth rate expt_I,Fructose,0.711989,0.10858337028368331,2.0777488266176047
ECOR41,N-C-,Growth rate expt_I,Succinate,0.65833,0.10397992408520906,1.8955552997044276
ECOR41,N-C-,Yield expt (in glucose),Glucose,0.939529,0.1281041989983599,2.90823311741842
ECOR41,MOPS,Yield expt (in glycerol),Glycerol,0.72278,0.10950913833615791,2.114983460070882
ECOR41,MOPS,Yield expt (in galactose),Galactose,0.63,0.10154947195597117,1.8013052245449261
ECOR41,MOPS,Yield expt (in glu+CAA),Glu+CAA,1.26,0.1555976484974419,4.2646816594478345
ECOR41,N-C-,Yield expt (in acetate),Acetate,,,
ECOR41,N-C-,Diauxie expt,Glucose,0.794629,0.11567311839382162,2.3681571908306176
ECOR41,N-C-,Preferred sugar expt_II,Mixed carbon,0.89416755,0.12421260589077719,2.7347289899601104
ECOR41,N-C-,Preferred sugar expt_I,Mixed carbon,0.92088636,0.12650483281118674,2.8364211801923447
ECOR41,MOPS,Preferred sugar expt,Mixed carbon,0.883065098,0.1232601181356356,2.6928924996282495
ECOR42,LB,Growth rate expt_I,LB,2.16637697,0.23335641435090745,9.964898055391096
ECOR42,LB,Growth rate expt_II,LB,2.34899258,0.2490231456660001,11.647243628963738
ECOR42,MOPS,Growth rate expt_I,Glu+CAA+ACGU,1.892665,0.20987445740475866,7.854429445621896
ECOR42,MOPS,soft_agar expt_I,Glycerol,0.7526,0.11206741869245421,2.2189388930834655
ECOR42,MOPS,soft_agar expt_I,Glu+CAA,1.399,0.16752256363913146,4.935121795549938
ECOR42,MOPS,soft_agar expt_I,Gly+CAA,1.278,0.15714188211291247,4.348423862897373
ECOR42,MOPS,swimming expt_I,Gly+CAA,1.14,0.14530275772763795,3.72809222279905
ECOR42,N-C-,Growth rate expt_I,Glucose,0.85764154,0.12107901186405415,2.5980035652296594
ECOR42,N-C-,Growth rate expt_II,Glucose,0.85714434,0.12103635669996458,2.5961603979082177
ECOR42,N-C-,Growth rate expt_I,Glycerol,0.69411082,0.1070495876981592,2.016502059565289
ECOR42,N-C-,Growth rate expt_I,Acetate,0.34135157,0.07678610480825951,0.9109595711777347
ECOR42,N-C-,Growth rate expt_II,Acetate,0.32560773,0.07543542886578225,0.865780302111759
ECOR42,N-C-,Growth rate expt_I,Maltose,0.81349,0.11729121785056557,2.436171928929072
ECOR42,N-C-,Growth rate expt_I,Fructose,0.654143,0.10362071818809931,1.8815424353552788
ECOR42,N-C-,Growth rate expt_I,Succinate,0.702093,0.10773438495820015,2.0437794552145636
ECOR42,N-C-,Yield expt (in glucose),Glucose,0.85764154,0.12107901186405415,2.5980035652296594
ECOR42,N-C-,Yield expt (in acetate),Acetate,,,
ECOR42,N-C-,Diauxie expt,Glucose,0.500481,0.09043793897585253,1.386638175803703
ECOR42,N-C-,Preferred sugar expt,Mixed carbon,0.91036231,0.1256019666011371,2.7961949464719598
ECOR42,MOPS,Preferred sugar expt,Mixed carbon,1.017712921,0.13481165672044304,3.217336608441968
ECOR51,LB,Growth rate expt_I,LB,2.01,0.21994071580871652,8.706388659349821
ECOR51,LB,Growth rate expt_II,LB,2.11,0.22851979145021983,9.49360589627591
ECOR51,MOPS,Growth rate expt_I,Glu+CAA+ACGU,1.359335,0.1641196732859292,4.738102148067465
ECOR51,MOPS,soft_agar expt_I,Glycerol,0.5262,0.09264439144009076,1.4669285833446941
ECOR51,MOPS,soft_agar expt_I,Glu+CAA,0.8412,0.11966847971082611,2.537305601205859
ECOR51,MOPS,soft_agar expt_I,Gly+CAA,1.09,0.1410132199068863,3.5150662141595514
ECOR51,MOPS,swimming expt_I,Gly+CAA,1.02,0.135007866957834,3.2265768415965312
ECOR51,N-C-,Growth rate expt_I,Glucose,0.28745043,0.07216188523602692,0.7576197326525991
ECOR51,N-C-,Growth rate expt_II,Glucose,0.29940171,0.07318719458735477,0.791295148149946
ECOR51,N-C-,Growth rate expt_I,Glycerol,0.56581908,0.09604334228175847,1.5925708096702846
ECOR51,N-C-,Growth rate expt_I,Acetate,0.33058722,0.07586262307944334,0.8800344716719801
ECOR51,N-C-,Growth rate expt_II,Acetate,0.31100812,0.07418291728051778,0.8241742431742994
ECOR51,N-C-,Growth rate expt_I,Maltose,0.571163,0.09650180122077989,1.6097026229463545
ECOR51,N-C-,Growth rate expt_I,Fructose,0.441328,0.08536315836163409,1.2056583871147704
ECOR51,N-C-,Growth rate expt_I,Succinate,0.567075,0.09615108860855523,1.5965931128909725
ECOR51,N-C-,Growth rate expt_I,Lactose,0.48972319,0.08951501831858333,1.353345532356208
ECOR51,MOPS,Yield expt (in fru_glu),fru_glu,0.509316,0.09119590030877935,1.4141082583051308
ECOR51,MOPS,Yield expt (in mal_glu),mal_glu,0.457956,0.08678968705930326,1.2560213393734576
ECOR51,MOPS,Yield expt (in fru_mal),fru_mal,0.503935,0.09073426024851006,1.3973636757018484
ECOR51,N-C-,Yield expt (in glucose),Glucose,0.28745043,0.07216188523602692,0.7576197326525991
ECOR51,N-C-,Yield expt (in acetate),Acetate,,,
ECOR51,N-C-,Diauxie expt,Glucose,0.263347,0.07009403374413012,0.6902541737100978
ECOR51,N-C-,Preferred sugar expt,Mixed carbon,0.67593069,0.10548990059373556,1.954780054523529
ECOR51,MOPS,Preferred sugar expt,Mixed carbon,0.7108706,0.10848742190170874,2.07390130167326
ECOR51,N-C-,cAMP_I,Glucose,0.29218603,0.07256815594210594,0.7709415232499653
ECOR51,N-C-,cAMP_I,Fructose,0.29243562,0.07258956845699957,0.7716444422193425
ECOR51,N-C-,cAMP_I,Maltose,0.58320949,0.09753527871002601,1.6484853111729585
ECOR51,N-C-,cAMP_I,Acetate,0.34435887,0.07704410335002643,0.9196266251834952
ECOR51,N-C-,cAMP_II,Glucose,0.2781065,0.07136026241343779,0.7314177806321761
ECOR51,N-C-,cAMP_II,Fructose,0.31416825,0.07445402722358761,0.8331565142926888
ECOR51,N-C-,cAMP_II,Maltose,0.58296107,0.09751396657031738,1.647683247306584
ECOR51,N-C-,cAMP_II,Acetate,0.35496329,0.07795386456316913,0.9502844055203761
ECOR53,LB,Growth rate expt_I,LB,2.42717025,0.25573006711006496,12.450400231363432
ECOR53,LB,Growth rate expt_II,LB,2.42077715,0.255181598225228,12.38264465150301
ECOR53,MOPS,Growth rate expt_I,Glu+CAA+ACGU,1.861805,0.20722695466179075,7.642092043115233
ECOR53,MOPS,soft_agar expt_I,Glycerol,,,
ECOR53,MOPS,soft_agar expt_I,Glu+CAA,1.053,0.13783896191953007,3.361196051258807
ECOR53,MOPS,soft_agar expt_I,Gly+CAA,1.131,0.14453064091990264,3.6893060186959783
ECOR53,MOPS,swimming expt_I,Gly+CAA,1.13,0.1444448501634876,3.6850085402330075
ECOR53,N-C-,Growth rate expt_I,Glucose,0.58705514,0.09786519993243349,1.6609139916066002
ECOR53,N-C-,Growth rate expt_II,Glucose,0.5650659,0.09597872639984178,1.5901597932663538
ECOR53,N-C-,Growth rate expt_III,Glucose,0.54774191,0.09449248819361533,1.5349455530086789
ECOR53,N-C-,Growth rate expt_I,Glycerol,0.53527341,0.09342280614725448,1.4954912805657194
ECOR53,N-C-,Growth rate expt_II,Glycerol,0.37916878,0.08003047185966565,1.0208275395414206
ECOR53,N-C-,Growth rate expt_III,Glycerol,0.42395695,0.08387288284241073,1.153463783355175
ECOR53,N-C-,Growth rate expt_I,Acetate,0.07058558,0.053556885714694275,0.17575347051577875
ECOR53,N-C-,Growth rate expt_II,Acetate,0.07182689,0.05366337863853982,0.17899967874122785
ECOR53,N-C-,Growth rate expt_III,Acetate,0.06485066,0.053064882589914576,0.16058452828018013
ECOR53,N-C-,Growth rate expt_I,Maltose,0.638218,0.10225450039218992,1.8285097644515942
ECOR53,N-C-,Growth rate expt_I,Fructose,0.431347,0.08450688082185565,1.1756165979638387
ECOR53,N-C-,Growth rate expt_I,Succinate,0.317025,0.07469910996697626,0.8412876109272324
ECOR53,N-C-,Yield expt (in glucose),Glucose,0.736862,0.11071724376799442,2.1638793478923435
ECOR53,MOPS,Yield expt (in glycerol),Glycerol,0.117,0.05753881391505931,0.29629555128215257
ECOR53,MOPS,Yield expt (in galactose),Galactose,0.173,0.06234309627430115,0.4441025313716159
ECOR53,MOPS,Yield expt (in glu+CAA),Glu+CAA,1.12,0.1435869425993373,3.6421661077289893
ECOR53,MOPS,Yield expt (in RDM),Glu+CAA+ACGU,1.861805,0.20722695466179075,7.642092043115233
ECOR53,N-C-,Yield expt (in acetate),Acetate,,,
ECOR53,N-C-,Diauxie expt,Glucose,0.776233,0.11409491163881068,2.302450484183823
ECOR53,N-C-,Preferred sugar expt_I,Mixed carbon,0.85299156,0.12068008656253937,2.580784298105723
ECOR53,N-C-,Preferred sugar expt_II,Mixed carbon,0.85213015,0.12060618554705589,2.577599003037144
ECOR53,MOPS,Preferred sugar expt,Mixed carbon,0.7357,0.11061755490904016,2.159831445126063
ECOR53,N-C-,cAMP_I,Glucose,0.81401515,0.11733627086629692,2.438075141869928
ECOR53,N-C-,cAMP_I,Fructose,0.29296438,0.0726349311773616,0.773133848939381
ECOR53,N-C-,cAMP_I,Acetate,0.11219631,0.057126701716375974,0.28377059870563026
ECOR53,N-C-,cAMP_II,Glucose,0.6665376,0.10468406029756108,1.9231087018940487
ECOR53,N-C-,cAMP_II,Fructose,0.25396173,0.06928886433167081,0.6642209113006158
ECOR53,N-C-,cAMP_II,Acetate,0.12416938,0.058153880448286115,0.3150306063748928
ECOR54,LB,Growth rate expt_I,LB,2.26845262,0.24211356157596362,10.874014193756356
ECOR54,LB,Growth rate expt_II,LB,2.32947423,0.24734865165552675,11.455015596465978
ECOR54,MOPS,Growth rate expt_I,Glu+CAA+ACGU,1.677236,0.19139264054102453,6.462893556389703
ECOR54,MOPS,soft_agar expt_I,Glycerol,,,
ECOR54,MOPS,soft_agar expt_I,Glu+CAA,0.568,0.09623044505823913,1.5995571534165682
ECOR54,MOPS,soft_agar expt_I,Gly+CAA,0.6324,0.10175536977136726,1.8092387036500608
ECOR54,MOPS,swimming expt_I,Gly+CAA,0.79,0.11527599298237644,2.3515650247758204
ECOR54,N-C-,Growth rate expt_I,Glucose,0.43201391,0.0845640955352164,1.1776195423980897
ECOR54,N-C-,Growth rate expt_II,Glucose,0.47846063,0.08854879477701363,1.318672912868062
ECOR54,N-C-,Growth rate expt_III,Glucose,0.37278222,0.07948256404637566,1.0021381999001528
ECOR54,N-C-,Growth rate expt_I,Glycerol,0.63798409,0.10223443307635688,1.827733913233805
ECOR54,N-C-,Growth rate expt_II,Glycerol,0.67165025,0.1051226784083464,1.9403290360211496
ECOR54,N-C-,Growth rate expt_III,Glycerol,0.63112779,0.10164622591314848,1.8050320976947516
ECOR54,N-C-,Growth rate expt_I,Acetate,0.06351944,0.052950676219159755,0.1569904833723734
ECOR54,N-C-,Growth rate expt_II,Acetate,0.08380955,0.05469138010380398,0.21011391489975415
ECOR54,N-C-,Growth rate expt_III,Acetate,0.06599894,0.05316339439969083,0.16365486214720867
ECOR54,N-C-,Growth rate expt_I,Maltose,0.695312,0.10715263783894981,2.0205998715005724
ECOR54,N-C-,Growth rate expt_I,Fructose,0.490775,0.08960525389408822,1.3565930948645761
ECOR54,N-C-,Growth rate expt_I,Succinate,0.232423,0.06744104039275164,0.6048881129317042
ECOR54,N-C-,Growth rate expt_I,Lactose,0.62202383,0.10086519029837629,1.7750062807265536
ECOR54,MOPS,Yield expt (in fru_glu),fru_glu,0.572797,0.09664198331676205,1.6149498565236329
ECOR54,MOPS,Yield expt (in mal_glu),mal_glu,0.46668,0.087538125618268,1.2826030937085264
ECOR54,MOPS,Yield expt (in fru_mal),fru_mal,0.11275,0.05717420320029542,0.2852131591179638
ECOR54,N-C-,Yield expt (in glucose),Glucose,0.179409,0.06289292923216509,0.46124302768997966
ECOR54,N-C-,Yield expt (in acetate),Acetate,,,
ECOR54,N-C-,Diauxie expt,Glucose,0.552404,0.0948924524211903,1.5497589150747577
ECOR54,N-C-,Preferred sugar expt_I,Mixed carbon,0.82844078,0.1185738565757603,2.490557844682409
ECOR54,N-C-,Preferred sugar expt_II,Mixed carbon,0.86435263,0.12165476135152349,2.6229290630082702
ECOR54,MOPS,Preferred sugar expt,Mixed carbon,0.670102384,0.10498988581337729,1.9351109213517097
ECOR55,LB,Growth rate expt_I,LB,2.43725859,0.2565955534296369,12.558100502921318
ECOR55,LB,Growth rate expt_II,LB,2.39944209,0.25335124728966785,12.159265912310516
ECOR55,MOPS,Growth rate expt_I,Glu+CAA+ACGU,1.846817,0.20594112280464222,7.540626629084493
ECOR55,MOPS,soft_agar expt_I,Glycerol,0.6001,0.09898432833916168,1.7032474214906181
ECOR55,MOPS,soft_agar expt_I,Glu+CAA,1.517,0.17764587289610534,5.550347148173419
ECOR55,MOPS,soft_agar expt_I,Gly+CAA,1.274,0.15679871908725235,4.329738253808492
ECOR55,MOPS,swimming expt_I,Gly+CAA,1.29,0.15817137118989288,4.404744357139178
ECOR55,N-C-,Growth rate expt_I,Glucose,0.43756797,0.08504058254379088,1.19432454174942
ECOR55,N-C-,Growth rate expt_II,Glucose,0.50286108,0.09064212783938082,1.39402700194577
ECOR55,N-C-,Growth rate expt_III,Glucose,0.4299745,0.08438913300867601,1.171496511975874
ECOR55,N-C-,Growth rate expt_I,Glycerol,0.66244565,0.1043330088118486,1.909357752217498
ECOR55,N-C-,Growth rate expt_II,Glycerol,0.59424459,0.09848198828614155,1.6842119976890833
ECOR55,N-C-,Growth rate expt_III,Glycerol,0.64495456,0.10283243497022516,1.8508926027443966
ECOR55,N-C-,Growth rate expt_I,Acetate,0.35006687,0.07753379698764344,0.9361100846898657
ECOR55,N-C-,Growth rate expt_II,Acetate,0.34502574,0.07710131463175693,0.9215501701018736
ECOR55,N-C-,Growth rate expt_III,Acetate,0.36579887,0.07888345716756473,0.981765532037946
ECOR55,N-C-,Growth rate expt_I,Maltose,0.542074,0.09400623390742299,1.516981110658662
ECOR55,N-C-,Growth rate expt_I,Fructose,0.1294,0.058602619294605716,0.3287322548224181
ECOR55,N-C-,Growth rate expt_I,Succinate,0.618508,0.10056356458324961,1.7634466242750875
ECOR55,N-C-,Growth rate expt_I,Lactose,0.47677072,0.0884038161198403,1.313486381177182
ECOR55,MOPS,Yield expt (in fru_glu),fru_glu,0.437755,0.08505662798896318,1.1948878323911643
ECOR55,MOPS,Yield expt (in mal_glu),mal_glu,0.425301,0.08398818990857035,1.1574870747207544
ECOR55,MOPS,Yield expt (in fru_mal),fru_mal,0.347073,0.07727695061573517,0.9274590475500561
ECOR55,MOPS,Yield expt (in galactose),Galactose,0.221554,0.06650858066127666,0.5751629544021319
ECOR55,MOPS,Yield expt (in glycerol),Glycerol,0.469,0.08773716017315088,1.2896905400768621
ECOR55,MOPS,Yield expt (in glu+CAA),Glu+CAA,1.33,0.1616030014464942,4.595383315157364
ECOR55,MOPS,Yield expt (in RDM),Glu+CAA+ACGU,1.846817,0.20594112280464222,7.540626629084493
ECOR55,LB,R/P expt,LB,2.43725859,0.2565955534296369,12.558100502921318
ECOR55,LB,R/P expt,LB,2.4897,0.2610945416610078,13.133848614969589
ECOR55,MOPS,R/P expt,Glu+CAA+ACGU,1.8468,0.20593966436178318,7.540512149897371
ECOR55,N-C-,R/P expt,Glu+CAA,1.1796,0.14870007168167326,3.90111308392716
ECOR55,N-C-,R/P expt,Glucose,0.3695,0.07920097990985511,0.9925547231585945
ECOR55,N-C-,R/P expt,Glycerol,0.5708,0.09647065917620123,1.608537492623637
ECOR55,N-C-,R/P expt,Glycerol,0.59375,0.09843955703592623,1.6826066200376397
ECOR55,N-C-,R/P expt,Acetate,0.3578,0.07819722805979923,0.9585108420008623
ECOR55,N-C-,Yield expt (in acetate),Acetate,,,
ECOR55,N-C-,Diauxie expt,Glucose,0.604426,0.09935545915141313,1.7173458933037744
ECOR55,N-C-,Preferred sugar expt_I,Mixed carbon,0.78013536,0.11442969805501445,2.316337263465964
ECOR55,N-C-,Preferred sugar expt_II,Mixed carbon,0.76703581,0.1133058777518179,2.2698309721756194
ECOR55,MOPS,Preferred sugar expt,Mixed carbon,0.830751288,0.11877207680478329,2.499000270842699
ECOR59,LB,Growth rate expt_I,LB,2.23172265,0.23896246966656215,10.538196238665432
ECOR59,LB,Growth rate expt_II,LB,2.31491599,0.24609968923385514,11.313693309577475
ECOR59,MOPS,Growth rate expt_I,Glu+CAA+ACGU,1.839279,0.20529443208278572,7.4899990565110794
ECOR59,MOPS,soft_agar expt_I,Glycerol,0.6791,0.1057617980959493,1.9654996952858916
ECOR59,MOPS,soft_agar expt_I,Glu+CAA,1.19,0.1495922955483896,3.947201732335464
ECOR59,MOPS,soft_agar expt_I,Gly+CAA,1.171,0.14796227117650396,3.863206993479993
ECOR59,MOPS,swimming expt_I,Gly+CAA,1.14,0.14530275772763795,3.72809222279905
ECOR59,N-C-,Growth rate expt_I,Glucose,0.71393555,0.10875036628058299,2.0844505164358385
ECOR59,N-C-,Growth rate expt_II,Glucose,0.72357567,0.10957739946731468,2.1177369565666213
ECOR59,N-C-,Growth rate expt_I,Glycerol,0.61850269,0.10056310903433305,1.763429180678024
ECOR59,N-C-,Growth rate expt_I,Acetate,0.24882968,0.06884858188021103,0.6500317145868234
ECOR59,N-C-,Growth rate expt_II,Acetate,0.35325363,0.07780719153855661,0.9453315939255986
ECOR59,N-C-,Growth rate expt_I,Maltose,0.759834,0.11268802902436055,2.2443949650028387
ECOR59,N-C-,Growth rate expt_I,Fructose,0.654658,0.10366490042765306,1.8832644467974338
ECOR59,N-C-,Growth rate expt_I,Succinate,0.689485,0.10665273510131941,2.000744100945343
ECOR59,N-C-,Yield expt (in glucose),Glucose,0.71393555,0.10875036628058299,2.0844505164358385
ECOR59,LB,R/P expt,LB,2.3439,0.24858624937569604,11.596780769267358
ECOR59,LB,R/P expt,LB,2.558,0.26695405032415453,13.92614045261349
ECOR59,MOPS,R/P expt,Glu+CAA+ACGU,1.8393,0.20529623368867042,7.490139727397744
ECOR59,N-C-,R/P expt,Glu+CAA,1.3245,0.1611311522862115,4.56890188169159
ECOR59,N-C-,R/P expt,Glucose,0.8237,0.11816714147356304,2.473266960597337
ECOR59,N-C-,R/P expt,Glucose,0.80435,0.11650709033693216,2.4031297158245195
ECOR59,N-C-,R/P expt,Glycerol,0.6166,0.10039987582000974,1.7571816815298036
ECOR59,N-C-,R/P expt,Glycerol,0.62555,0.10116770308992429,1.786620009326912
ECOR59,N-C-,R/P expt,Acetate,0.3955,0.08143153957664596,1.0688709417984923
ECOR59,N-C-,Yield expt (in acetate),Acetate,,,
ECOR59,N-C-,Diauxie expt,Glucose,0.656002,0.10378020320427486,1.8877604649251898
ECOR59,N-C-,Preferred sugar expt,Mixed carbon,0.796754,0.11585542375120357,2.3757872381238925
ECOR59,MOPS,Preferred sugar expt,Mixed carbon,0.957024213,0.129605126555272,2.9762772272031897
ECOR61,LB,Growth rate expt_II,LB,2.40867517,0.25414336020690836,12.255424094363134
ECOR61,LB,Growth rate expt_I,LB,2.32910862,0.24731728569707384,11.451445162368309
ECOR61,MOPS,Growth rate expt_I,Glu+CAA+ACGU,1.752395,0.197840588002422,6.9252048325238
ECOR61,MOPS,soft_agar expt_I,Glycerol,,,
ECOR61,MOPS,soft_agar expt_I,Glu+CAA,1.0222,0.13519660662194707,3.2354761277413298
ECOR61,MOPS,soft_agar expt_I,Gly+CAA,1.142,0.145474339240468,3.7367380887584236
ECOR61,MOPS,swimming expt_I,Gly+CAA,1.1,0.14187112747103664,3.5571969319590715
ECOR61,N-C-,Growth rate expt_I,Glucose,0.38003786,0.08010503089025083,1.0233750511199706
ECOR61,N-C-,Growth rate expt_II,Glucose,0.52103698,0.09220145204890481,1.4507310848929504
ECOR61,N-C-,Growth rate expt_I,Glycerol,0.26204533,0.06998236249022736,0.6866369851750749
ECOR61,N-C-,Growth rate expt_I,Acetate,0.31219002,0.07428431337552471,0.827532130680664
ECOR61,N-C-,Growth rate expt_II,Acetate,0.32296143,0.07520840078708116,0.8582182658483933
ECOR61,N-C-,Growth rate expt_I,Maltose,0.129576,0.05861771846773476,0.3291937831196736
ECOR61,N-C-,Growth rate expt_I,Fructose,0.202398,0.06486517293139028,0.523121449505153
ECOR61,N-C-,Growth rate expt_I,Succinate,0.536817,0.09355523190094917,1.5003628473012338
ECOR61,N-C-,Yield expt (in glucose),Glucose,0.4363,0.0849318024383793,1.1905070174352597
ECOR61,MOPS,Yield expt (in galactose),Galactose,0.062012,0.05282135180130948,0.15285717660210316
ECOR61,MOPS,Yield expt (in glu+CAA),Glu+CAA,0.5356,0.09345082455039207,1.4965216961746048
ECOR61,MOPS,Yield expt (in RDM),Glu+CAA+ACGU,1.752395,0.197840588002422,6.9252048325238
ECOR61,N-C-,Yield expt (in acetate),Acetate,,,
ECOR61,N-C-,Diauxie expt,Glucose,0.544903,0.09424893595732112,1.525941490085021
ECOR61,N-C-,Preferred sugar expt,Mixed carbon,0.491588,0.08967500177905365,1.3591044230620057
ECOR61,MOPS,Preferred sugar expt,Mixed carbon,,,
ECOR61,N-C-,cAMP_I,Glucose,0.45708481,0.08671494701022205,1.2533728625621945
ECOR61,N-C-,cAMP_I,Fructose,0.21618615,0.06604806874945422,0.5605354987521123
ECOR61,N-C-,cAMP_I,Acetate,0.31566513,0.07458244569105014,0.8374157254090691
ECOR61,N-C-,cAMP_II,Glucose,0.41158291,0.08281130459090086,1.1165418553091428
ECOR61,N-C-,cAMP_II,Fructose,0.17559716,0.06256590859523202,0.45104274426149565
ECOR61,N-C-,cAMP_II,Acetate,0.34967204,0.0774999242232881,0.934968508505872
ECOR63,LB,Growth rate expt_I,LB,2.43861162,0.25671163089678917,12.572618422314015
ECOR63,LB,Growth rate expt_II,LB,2.35620516,0.24964191835990404,11.719090339852622
ECOR63,MOPS,Growth rate expt_I,Glu+CAA+ACGU,1.508045,0.17687761667240873,5.502058597180188
ECOR63,MOPS,soft_agar expt_I,Glycerol,0.7814,0.11453819247720715,2.32084350608672
ECOR63,MOPS,swimming expt_I,Gly+CAA,0.576,0.0969167711095594,1.6252476761203423
ECOR63,N-C-,Growth rate expt_I,Glucose,0.29724013,0.07300175100410317,0.7851908783142821
ECOR63,N-C-,Growth rate expt_II,Glucose,0.25557335,0.0694271264305244,0.668683492582608
ECOR63,N-C-,Growth rate expt_III,Glucose,0.26133123,0.06992109931107139,0.6846534840356054
ECOR63,N-C-,Growth rate expt_I,Glycerol,0.72404911,0.1096180162430318,2.1193758675793823
ECOR63,N-C-,Growth rate expt_II,Glycerol,0.74785611,0.11166043678100449,2.202296085904597
ECOR63,N-C-,Growth rate expt_III,Glycerol,0.73621512,0.11066174744348466,2.161625605791702
ECOR63,N-C-,Growth rate expt_I,Acetate,0.36688533,0.07897666539277942,0.9849307669611534
ECOR63,N-C-,Growth rate expt_II,Acetate,0.36738984,0.07901994768729836,0.9864011197637023
ECOR63,N-C-,Growth rate expt_III,Acetate,0.38555605,0.0805784405843927,1.0395743464687959
ECOR63,N-C-,Growth rate expt_I,Maltose,0.736136,0.11065495967883711,2.161350000811433
ECOR63,N-C-,Growth rate expt_I,Fructose,0.666932,0.10471789617189117,1.924435555637598
ECOR63,N-C-,Growth rate expt_I,Succinate,0.700934,0.10763495347151511,2.039812049209591
ECOR63,N-C-,Growth rate expt_I,Lactose,0.75365038,0.11215753158717742,2.222629322480796
ECOR63,MOPS,Yield expt (in fru_glu),fru_glu,0.914596,0.12596517806866386,2.8123504935665022
ECOR63,MOPS,Yield expt (in mal_glu),mal_glu,0.813376,0.11728143770433425,2.435758845960666
ECOR63,MOPS,Yield expt (in fru_mal),fru_mal,0.819795,0.11783212856976234,2.4590561897182357
ECOR63,N-C-,Yield expt (in glucose),Glucose,0.454146,0.08646282427736199,1.244446709033069
ECOR63,MOPS,Yield expt (in glycerol),Glycerol,0.646,0.1029221240586117,1.8543728535680783
ECOR63,MOPS,Yield expt (in galactose),Galactose,0.508,0.09108299967333716,1.4100091551808889
ECOR63,MOPS,Yield expt (in glu+CAA),Glu+CAA,1.04,0.13672368208613467,3.3078737940002916
ECOR63,MOPS,Yield expt (in RDM),Glu+CAA+ACGU,1.508045,0.17687761667240873,5.502058597180188
ECOR63,LB,R/P expt,LB,2.5089,0.26274172418417646,13.351561842515467
ECOR63,LB,R/P expt,LB,2.67355,0.27686717222791163,15.388652632020905
ECOR63,MOPS,R/P expt,Glu+CAA+ACGU,1.508,0.17687375608837005,5.501816627119429
ECOR63,N-C-,R/P expt,Glu+CAA,0.8888,0.12375211971618169,2.714472375787285
ECOR63,N-C-,R/P expt,Glucose,0.3106,0.07414790435700967,0.8230151563204111
ECOR63,N-C-,R/P expt,Glycerol,0.7523,0.11204168146552969,2.2178852274238743
ECOR63,N-C-,R/P expt,Glycerol,0.7247,0.10967385658847478,2.1216296972151243
ECOR63,N-C-,R/P expt,Acetate,0.3649,0.07880634243034595,0.9791480120468748
ECOR63,N-C-,R/P expt,Acetate,0.365,0.07881492150598746,0.9794391595175145
ECOR63,N-C-,Yield expt (in acetate),Acetate,,,
ECOR63,N-C-,Diauxie expt,Glucose,0.455735,0.08659914578930547,1.2492714988686773
ECOR63,N-C-,Preferred sugar expt,Mixed carbon,0.94994738,0.12899799969917913,2.948676674662218
ECOR63,MOPS,Preferred sugar expt,Mixed carbon,0.922704112,0.12666077913024168,2.8433919519846858
ECOR63,N-C-,cAMP_I,Glucose,0.35629098,0.07806776809255381,0.9541333575470728
ECOR63,N-C-,cAMP_I,Fructose,0.65370271,0.10358294537595733,1.8800705808435894
ECOR63,N-C-,cAMP_I,Maltose,0.6914706,0.10682308122725709,2.007503627577686
ECOR63,N-C-,cAMP_I,Acetate,0.35599041,0.07804198196489814,0.9532618037834838
ECOR63,N-C-,cAMP_II,Glucose,0.2923367,0.072581082035375,0.7713658448422841
ECOR63,N-C-,cAMP_II,Fructose,0.6582536,0.10397336967141894,1.8952993470513542
ECOR63,N-C-,cAMP_II,Maltose,0.75789679,0.11252183431312579,2.2375688449479774
ECOR63,N-C-,cAMP_II,Acetate,0.36619555,0.07891748864481946,0.9829210144276588
NCM3722,LB,Growth rate expt_I,LB,2.77168253,0.2852860362055325,16.76894860791177
NCM3722,LB,Growth rate expt_II,LB,2.56481464,0.2675386834444507,14.00798336774128
NCM3722,MOPS,Growth rate expt_I,Glu+CAA+ACGU,1.909071,0.2112819405545037,7.969231182412087
NCM3722,MOPS,soft_agar expt_I,Glycerol,,,
NCM3722,MOPS,soft_agar expt_I,Glu+CAA,1.182,0.1489059694970693,3.9117246824978613
NCM3722,MOPS,soft_agar expt_I,Gly+CAA,1.095,0.14144217368896145,3.5361022888785296
NCM3722,MOPS,swimming expt_I,Gly+CAA,1.19,0.1495922955483896,3.947201732335464
NCM3722,N-C-,Growth rate expt_I,Glucose,0.96961481,0.13068528339561886,3.0256416282968828
NCM3722,N-C-,Growth rate expt_II,Glucose,0.94230057,0.1283419740851171,2.9189702517397045
NCM3722,N-C-,Growth rate expt_III,Glucose,0.96120171,0.12996351718282353,2.992619150855194
NCM3722,N-C-,Growth rate expt_I,Glycerol,0.72557812,0.10974919116749796,2.1246715257974986
NCM3722,N-C-,Growth rate expt_II,Glycerol,0.72420173,0.10963110962827587,2.1199042768082594
NCM3722,N-C-,Growth rate expt_III,Glycerol,0.74399144,0.11132888381841001,2.1887673761457376
NCM3722,N-C-,Growth rate expt_I,Acetate,0.4740719,0.08817228231061228,1.305212001776494
NCM3722,N-C-,Growth rate expt_II,Acetate,0.48347855,0.08897928592944376,1.3340980346889462
NCM3722,N-C-,Growth rate expt_III,Acetate,0.48828044,0.08939124370476553,1.3488935483424653
NCM3722,N-C-,Growth rate expt_I,Maltose,0.704234,0.10791806296768472,2.0511144382459934
NCM3722,N-C-,Growth rate expt_I,Fructose,0.634309,0.10191914432536356,1.8155558259028886
NCM3722,N-C-,Growth rate expt_I,Succinate,0.684213,0.10620044623349935,1.9828292673333945
NCM3722,N-C-,Growth rate expt_I,Lactose,0.93915108,0.12807177695569552,2.906770274261293
NCM3722,MOPS,Yield expt (in fru_glu),fru_glu,1.047003,0.1373244747533091,3.336550821122955
NCM3722,MOPS,Yield expt (in mal_glu),mal_glu,0.963871,0.13019251759101463,3.0030803073454764
NCM3722,MOPS,Yield expt (in fru_mal),fru_mal,0.700593,0.1076056988235776,2.038645201034713
NCM3722,N-C-,Yield expt (in glucose),Glucose,0.872714,0.12237208960848947,2.6541063859781953
NCM3722,MOPS,Yield expt (in glycerol),Glycerol,0.66287,0.1043694141193333,1.9107824773782185
NCM3722,MOPS,Yield expt (in galactose),Galactose,0.602,0.09914733077635025,1.7094358656132635
NCM3722,MOPS,Yield expt (in glu+CAA),Glu+CAA,1.25,0.15473974093329157,4.218536707769692
NCM3722,MOPS,Yield expt (in RDM),Glu+CAA+ACGU,1.909071,0.2112819405545037,7.969231182412087
NCM3722,LB,R/P expt,LB,2.7717,0.2852875349700471,16.76920689641673
NCM3722,MOPS,R/P expt,Glu+CAA+ACGU,1.9091,0.21128442848643972,7.969435309835151
NCM3722,N-C-,R/P expt,Glu+CAA,1.3133,0.16017029581436315,4.515242620426268
NCM3722,N-C-,R/P expt,Glucose,0.9663,0.13040090333834675,3.01261277584005
NCM3722,N-C-,R/P expt,Glucose,0.9555,0.12947436316906438,2.970323767293219
NCM3722,N-C-,R/P expt,Glycerol,0.7107,0.10847278599866433,2.073314592763657
NCM3722,N-C-,R/P expt,Glycerol,0.7165,0.10897037238587151,2.0932895646458394
NCM3722,N-C-,R/P expt,Acetate,0.4633,0.08724815286158519,1.2722913302012007
NCM3722,N-C-,R/P expt,Acetate,0.47375,0.08814466626612229,1.3042257870327842
NCM3722,N-C-,Yield expt (in acetate),Acetate,,,
NCM3722,N-C-,Diauxie expt,Glucose,0.906648,0.12528331313667718,2.782051088742309
NCM3722,N-C-,Preferred sugar expt_I,Mixed carbon,0.96182971,0.13001739377785215,2.995078985086484
NCM3722,N-C-,Preferred sugar expt_II,Mixed carbon,0.97883688,0.13147645175663122,3.062011342394085
NCM3722,MOPS,Preferred sugar expt,Mixed carbon,0.95645351,0.1295561655132137,2.9740475357184986
NCM3722,N-C-,cAMP_I,Glucose,0.9587234,0.1297509010932926,2.982919853038749
NCM3722,N-C-,cAMP_I,Fructose,0.70154453,0.10768733130202919,2.041901684647313
NCM3722,N-C-,cAMP_I,Maltose,0.7576265,0.11249864592957437,2.236616962203868
NCM3722,N-C-,cAMP_I,Acetate,0.46618824,0.08749593715589335,1.2811017986641922
NCM3722,N-C-,cAMP_I,Glu+CAA,1.24878643,0.15463562784502896,4.212954934224974
NCM3722,N-C-,cAMP_I,Glycerol,0.69902196,0.10747091811361932,2.033271924306355
NCM3722,N-C-,cAMP_I,Galactose,0.5895834,0.09808210127024736,1.6690977189593255
NCM3722,N-C-,cAMP_II,Glucose,0.96571629,0.13035082641591972,3.0103209056054707
NCM3722,N-C-,cAMP_II,Fructose,0.68500144,0.10626808709748722,1.985505475082088
NCM3722,N-C-,cAMP_II,Maltose,0.73982875,0.11097176349458872,2.174225011551668
NCM3722,N-C-,cAMP_II,Acetate,0.45073655,0.08617032498290275,1.2341065567857006
NCM3722,N-C-,cAMP_II,Glu+CAA,1.23769857,0.153684391948605,4.162138334199349
NCM3722,N-C-,cAMP_II,Glycerol,0.71589864,0.10891878125659378,2.091215796644298
NCM3722,N-C-,cAMP_II,Galactose,0.57700757,0.09700321130200049,1.6284903827524413
Isolate_1,LB,R/P expt,LB,2.71896794,0.2807636116553242,16.01041342539221
Isolate_1,LB,R/P expt,LB,2.72343552,0.28114688872286886,16.073123683674282
Isolate_1,MOPS,R/P expt,Glu+CAA+ACGU,1.782,0.20038042334608905,7.1138652283643555
Isolate_1,MOPS,R/P expt,Glu+CAA+ACGU,1.8,0.20192465696155965,7.2304601783778715
Isolate_1,N-C-,R/P expt,Glu+CAA,1.35,0.16331881657479486,4.69241426488138
Isolate_1,N-C-,R/P expt,Glu+CAA,1.392,0.1669220283442262,4.9000079596743324
Isolate_1,N-C-,R/P expt,Glucose,0.90323407,0.12499042949962921,2.7690755187874334
Isolate_1,N-C-,R/P expt,Glucose,0.90254957,0.12493170572686313,2.7664767041748513
Isolate_1,N-C-,R/P expt,Glycerol,0.696,0.10721166187936335,2.0229480852974797
Isolate_1,N-C-,R/P expt,Glycerol,0.702,0.10772640641785354,2.043461019206864
Isolate_1,N-C-,R/P expt,Acetate,0.41468015,0.08307701915329976,1.1257634365353655
Isolate_1,N-C-,R/P expt,Acetate,0.32469169,0.07535684110127583,0.8631616015599666
Isolate_2,LB,Growth rate expt_I,LB,2.7113963,0.2801140349324219,15.904778440364986
Isolate_2,LB,Growth rate expt_II,LB,2.62956846,0.2730939626430136,14.812659327196021
Isolate_2,N-C-,Growth rate expt_I,Glucose,0.8373646,0.1193394378436719,2.5232207710539716
Isolate_2,N-C-,Growth rate expt_II,Glucose,0.84446137,0.11994827511007541,2.5493044993814564
Isolate_2,N-C-,Growth rate expt_I,Acetate,0.17328476,0.06236752605009789,0.44486309517796047
Isolate_2,N-C-,Growth rate expt_II,Acetate,0.11666062,0.057509698248147174,0.295409941482526
Isolate_3,LB,Growth rate expt_I,LB,2.7381189,0.28240658699979826,16.281251003315
Isolate_3,LB,Growth rate expt_II,LB,2.27720667,0.24286457814715862,10.955559257383717
Isolate_3,N-C-,Growth rate expt_I,Glucose,0.80512643,0.11657370085393548,2.405930564958283
Isolate_3,N-C-,Growth rate expt_II,Glucose,0.86707073,0.1218879492065352,2.633049180511641
Isolate_3,N-C-,Growth rate expt_I,Acetate,0.40249619,0.08203174800876925,1.0895642610952045
Isolate_3,N-C-,Growth rate expt_II,Acetate,0.39791716,0.08163890956142213,1.0760127957479861
Isolate_4,LB,Growth rate expt_I,LB,2.66286801,0.2759507562257938,15.246462426788888
Isolate_4,LB,Growth rate expt_II,LB,2.83465988,0.2906889106990468,17.73161765980346
Isolate_4,N-C-,Growth rate expt_I,Glucose,0.88246856,0.12320894068938529,2.6906515162823514
Isolate_4,N-C-,Growth rate expt_II,Glucose,0.86150851,0.12141076214538837,2.6123551210802334
Isolate_4,N-C-,Growth rate expt_I,Acetate,0.40817765,0.08251916475971101,1.10641856847567
Isolate_4,N-C-,Growth rate expt_II,Acetate,0.38431108,0.08047163366637868,1.035915968512788
Isolate_5,LB,Growth rate expt_I,LB,3.10746732,0.3140932673322955,22.785652856527168
Isolate_5,LB,Growth rate expt_II,LB,3.05847952,0.3098905669151871,21.75372673166612
Isolate_5,N-C-,Growth rate expt_I,Glucose,0.7912173,0.11538042607016046,2.355924492938635
Isolate_5,N-C-,Growth rate expt_II,Glucose,0.82646122,0.11840402862599136,2.4833327059573733
Isolate_5,N-C-,Growth rate expt_I,Acetate,0.29124632,0.07248753751039518,0.7682957363594323
Isolate_5,N-C-,Growth rate expt_II,Acetate,0.29203654,0.07255533108192946,0.7705205534544387
Isolate_6,LB,Growth rate expt_I,LB,2.88870426,0.29532541893922826,18.611358246386793
Isolate_6,LB,Growth rate expt_II,LB,3.09450222,0.31298098159629895,22.50638364148261
Isolate_6,N-C-,Growth rate expt_I,Glucose,0.75094877,0.11192575842173902,2.2131414003471637
Isolate_6,N-C-,Growth rate expt_II,Glucose,0.7825305,0.11463517892733435,2.32487424081485
Isolate_6,N-C-,Growth rate expt_I,Acetate,0.12176526,0.057947629174973606,0.3087424164387385
Isolate_6,N-C-,Growth rate expt_II,Acetate,0.11380096,0.057264365853657365,0.2879520714277746
